size,rooms,location,year_built,condition,price
139.86856612044932,4,suburb,2006,poor,562159.7293720031
114.46942795315262,1,suburb,1983,excellent,478798.5929515014
145.9075415240277,3,suburb,1990,good,596580.4512656584
180.92119425632103,5,city,2022,excellent,991294.2685136115
110.63386501106656,3,suburb,1962,fair,434413.80372299877
110.63452172203277,3,rural,2019,poor,275034.4575493303
183.16851262029564,6,city,1955,fair,923275.1238342888
150.69738916611635,1,suburb,2001,fair,604177.5573494901
101.22102456260191,6,suburb,1952,poor,440224.9747848119
141.7024017434386,1,city,2012,good,692474.2090827288
101.4632922875015,1,city,1998,poor,500968.2684229244
101.37080985718973,2,city,1996,fair,513427.6438307862
129.67849086264135,4,city,2004,fair,695376.1557594606
43.46879021368808,2,city,2013,good,288583.29656164744
51.00328669947869,4,rural,2014,poor,135975.95122609547
97.50849883036109,6,city,2016,fair,596723.0234867918
79.48675518662304,4,suburb,1964,excellent,392187.995695822
132.56989330381094,6,city,1981,fair,713600.3963454256
83.67903697915156,3,rural,2017,fair,231448.79618052687
63.50785194658834,3,city,1967,good,369391.86376120884
178.62595075686215,4,suburb,1992,excellent,784111.9773795569
110.96894798053857,4,rural,1984,fair,354031.8818852607
122.70112818751696,6,rural,2007,fair,398990.7035459464
63.01007255146173,2,city,1982,excellent,390629.8205604986
98.2246910189927,6,rural,1963,poor,239351.7113786148
124.43690358839464,2,suburb,1983,poor,471118.3087281691
73.96025690310789,3,suburb,2010,fair,320406.7335469298
135.02792073382687,1,city,1953,fair,628825.200798546
95.9744524032478,4,city,2008,poor,476558.5191587131
108.33225000826893,2,suburb,1978,good,443792.7618739301
95.93173551082413,6,suburb,1955,excellent,459510.5861628455
194.0911273803575,3,suburb,1998,excellent,797764.7314499022
119.46011101048265,2,suburb,1989,good,482791.6759179145
77.69156284176398,6,suburb,2014,good,400972.53190258547
152.90179648412754,4,city,2018,good,807781.9793595343
71.1662540011591,4,suburb,1976,good,287228.64264674374
128.3545438001902,5,city,1955,good,627566.7899740986
41.613195044808975,1,suburb,1962,good,181033.6753628748
66.87255804406277,5,suburb,2013,excellent,378285.8280645137
127.87444943476494,3,rural,2011,good,385180.9029755147
149.53866319981643,2,city,1968,poor,677370.5373020493
126.85473124759882,3,city,1992,good,657035.5944946483
115.37406870447037,6,city,1969,good,641213.7732704778
107.95585217642845,4,city,2017,excellent,614610.1728566185
60.8591203853029,5,city,1993,excellent,440635.1581686851
91.20623166421166,5,rural,1972,good,293434.6822232092
101.5744491616085,5,city,1951,excellent,593524.2431365041
162.2848890487566,3,city,1971,fair,787158.9153450818
133.74473158273847,4,suburb,2006,excellent,649554.4957590929
49.47839378549064,2,suburb,2021,excellent,299550.1590101194
132.9633587757918,6,suburb,1956,excellent,593908.2252687059
104.59670878334734,2,city,2005,excellent,594604.5272124311
92.92311998776165,3,suburb,2016,poor,350771.1336068085
144.46705155363472,6,city,1965,poor,729993.7372446983
161.23998089983803,5,city,2000,poor,811963.119851111
157.25120476464795,1,rural,2021,good,443523.30667672906
86.43129907109446,3,city,1961,good,452765.2684031473
107.63150496595142,3,suburb,2002,fair,429227.95074068476
133.25053725614256,4,suburb,1954,poor,493914.99388109404
159.02180508489437,2,city,1976,good,780639.6212069723
100.8330304861884,3,rural,1961,excellent,299228.88851829234
112.57364093344731,3,city,1966,excellent,644984.7365134583
75.74660103975887,5,suburb,1955,poor,262369.8101562578
72.15173503677318,5,rural,1954,fair,208695.40673736355
152.50103289576793,6,suburb,2006,fair,651211.5112069184
174.24960114283292,1,rural,1977,excellent,499847.4612994648
117.11959513678664,4,city,2018,fair,602719.6835702913
160.14131591568096,1,suburb,2008,poor,620194.6331742157
134.46544100190536,6,city,1982,excellent,733217.8636323157
94.19520981579502,5,suburb,2011,good,438280.1835647108
134.45582422033655,2,rural,1999,good,395608.9292343962
181.52146265863877,5,city,1968,fair,921650.3532597295
118.56695843560193,4,suburb,2018,excellent,530761.0244405449
182.58574623256024,5,city,2015,excellent,1032036.5938548243
30.0,4,suburb,1996,good,181050.16873665582
152.87610017500896,4,suburb,1988,excellent,641110.3110794766
123.48188272952684,4,rural,2017,excellent,421910.81638632953
108.0397059813653,6,suburb,1982,excellent,519977.072461286
123.67043106142009,4,city,1962,fair,612595.8935255954
40.49724341596429,4,city,2003,excellent,330650.4765232337
111.21312448649952,2,city,1956,poor,482913.1463806917
134.28450286046984,1,city,1963,fair,591737.5748726203
179.11576178966064,3,city,1968,excellent,898072.4607506084
99.2691912690541,1,rural,2003,excellent,344304.09383479634
87.66025588427249,4,suburb,1969,poor,341995.8153151253
99.92971825661854,2,suburb,1978,fair,429730.119414399
156.61608470808295,5,city,1973,good,835292.6764098111
133.15004438638738,2,rural,2012,good,392219.0302174794
98.80959184931845,4,suburb,2006,fair,438509.0078450416
140.53069732453423,2,city,1957,excellent,721528.1904607412
123.88310197392161,2,suburb,2011,excellent,553673.5216797598
158.74579962131557,4,suburb,1978,good,646160.0446871725
91.9178762449059,6,city,1966,good,526626.6864379332
106.89351413608927,2,suburb,2015,good,439917.4477580697
104.3156738747137,3,suburb,1955,poor,349835.5701631657
61.45940207471526,3,city,2007,good,392148.72152185964
131.84481108258305,2,rural,2018,poor,349572.7153339053
130.44221088719559,6,rural,1977,fair,374685.53324170515
120.20453826569843,5,suburb,2011,excellent,581205.3202136719
110.61651466499413,4,suburb,1990,good,469651.50369810587
63.38517031798343,3,suburb,2018,excellent,328165.3688770517
103.17418708938564,5,suburb,1990,excellent,495753.37964822527
106.29141933892922,2,suburb,1998,good,478011.0792554214
87.90890923113524,5,city,1998,good,491215.270970246
113.54857153335963,1,suburb,2020,fair,403233.5503839314
136.16203427258154,3,rural,1952,poor,321360.86041782063
195.4474360484212,2,suburb,1959,poor,734964.7680990199
126.98311251327355,4,city,1984,excellent,663773.1258226439
130.30201562891057,6,suburb,1951,good,537981.5841876206
117.02216336935331,2,city,1973,fair,573370.6699736533
43.24915138803834,4,city,1987,fair,324519.3219556792
118.93944498203132,6,city,1971,fair,608563.269048617
122.40920839764105,6,city,1975,fair,625402.7559600256
218.52968449941145,2,suburb,1992,fair,838480.8315746649
112.3055614087551,5,suburb,2004,poor,495393.50987139245
132.0618936933445,5,city,1988,poor,655796.547373536
118.61152921179027,6,rural,1978,poor,294239.7869858533
73.25287849521871,5,rural,1969,good,253981.89280625182
165.71291258060083,1,rural,1990,excellent,488007.81813950144
150.07732130747098,6,city,2003,fair,827421.0484143844
151.64127788172186,6,suburb,1969,good,660547.5426206844
83.62450180821044,4,rural,1968,fair,258260.12586715262
176.11177243744396,5,suburb,2015,poor,701259.4778974401
63.92595748830877,6,city,1979,good,460996.8955407788
143.47428375201082,1,city,2002,poor,658671.4366722793
207.61822503239915,4,suburb,1983,fair,799687.1676884014
80.37854699477246,2,rural,1971,fair,255598.81115782607
97.34809081588912,6,suburb,2016,excellent,475968.38135929266
123.98605460350565,1,suburb,1955,fair,423901.62888206204
99.86097383535203,3,city,1976,poor,489765.5207510538
57.973462757354696,1,suburb,1959,fair,225169.73546096298
122.74251899224109,1,rural,2022,excellent,384024.28595036536
77.5078514509558,4,city,1997,excellent,502163.92667173414
138.94369722540728,2,suburb,2019,poor,520533.18636569474
83.22303063064788,3,rural,2008,good,274018.61602604843
181.99737620070158,5,city,2008,fair,915786.0738503933
88.66986830655051,5,suburb,1951,excellent,411887.1559014468
107.11753935177298,1,city,1978,fair,509792.1254037648
152.54068869478678,4,suburb,2017,fair,647698.3953671345
70.7654273426418,4,suburb,2014,good,397166.9008421205
129.09839738416517,5,suburb,1975,excellent,598842.6102409739
172.28571017129713,3,suburb,1959,fair,610511.8565886406
55.7006706175509,2,city,2002,excellent,355890.21607014607
127.38535434129217,3,rural,2008,poor,339720.9062371579
130.39531176993694,6,suburb,1971,poor,550647.3025633718
151.2729148710924,6,city,2000,fair,799424.3229697107
70.52197156487672,2,suburb,1997,excellent,376440.8759795977
67.18173547662894,5,suburb,1970,fair,319687.66002816963
140.8776626246759,2,city,1971,excellent,755625.4432009993
131.87938692932744,4,rural,1979,excellent,404235.61022942
130.01971401383506,6,rural,1974,good,394934.18297913804
133.857928379879,1,city,1977,good,667393.5084172535
92.79901113686037,1,rural,2014,good,271273.74532259605
129.29014788644014,5,city,1994,fair,663005.409447359
131.72289893194724,4,city,2017,good,693666.0032000289
91.42594327894528,3,city,1956,good,464432.43241347536
194.63098044579027,4,rural,1998,poor,513565.5914874032
138.95331683647152,1,suburb,1958,excellent,529535.7800186063
72.34786011189405,1,city,1985,excellent,376945.96997716505
146.2621443453532,6,suburb,1950,good,655798.6494904166
81.01273319090714,4,suburb,1959,excellent,379643.9050677822
151.48338414969808,4,city,1985,poor,743175.5256970763
166.34382316029615,1,rural,2022,poor,393442.24722672824
87.17270726593158,3,rural,1995,good,277596.9827940213
158.53504516977287,5,suburb,1981,poor,611846.0292575543
136.51123707745992,5,rural,1981,excellent,401865.1790226955
152.8824063997796,4,suburb,1955,fair,627615.0717905008
195.8717193061579,5,rural,1997,excellent,607243.4408759964
110.18447535988518,1,suburb,1987,fair,425017.0154813063
89.85055342570041,1,suburb,1966,good,383450.37298607966
84.41942281497907,4,city,1976,fair,490953.256421949
87.36758860138247,4,rural,2003,poor,263263.7313064797
116.91593162343584,6,suburb,1999,excellent,576990.9486345683
133.64607899266576,4,city,1984,fair,682386.3493966622
131.06763197320078,3,city,1974,excellent,709794.2911765883
153.08732996144096,5,suburb,1977,good,637335.9999913947
120.52007567511627,4,suburb,1964,good,503339.5550471896
178.14136308629267,2,suburb,1953,poor,655826.7346149039
109.41372667048176,6,rural,2022,good,357115.6466059657
228.80676666358477,2,city,1976,fair,1065314.4565302613
145.02669391060024,1,suburb,1975,good,566599.8313708603
85.71369774334869,5,city,1968,poor,472723.79085693054
77.16430007755551,4,rural,1966,excellent,252541.04511494032
139.29889660972742,2,rural,1992,excellent,436500.921917451
111.06148858696596,5,suburb,1990,good,515657.2871691469
148.56001976368367,1,suburb,1991,fair,583032.3113351974
138.9295049829418,3,city,1999,poor,658547.8448190484
117.08684349372508,6,suburb,1989,fair,479159.0042671915
86.1282512772638,5,rural,1988,poor,256901.81251366157
59.40611101256542,5,suburb,1972,good,308612.7753335147
102.13940191731916,3,city,2001,poor,530214.8413231989
154.2559517729389,5,suburb,1996,poor,604310.6898223892
128.56374976520817,1,rural,2012,good,382755.36696162686
70.17044885152048,1,city,2018,fair,385855.26207623037
126.92723703404728,3,city,1992,good,655266.3722322257
135.41269518915348,6,suburb,1997,poor,571324.2927462488
84.64570255195468,4,rural,1983,good,279289.0152751732
126.14900423782112,2,city,1989,poor,580741.128489602
122.32834873784,4,city,2010,good,671099.5013659721
74.28118808677507,5,city,1999,excellent,516215.31320850813
134.31149441393134,2,city,2016,excellent,717845.8035535438
142.43138105472937,3,suburb,2011,good,570034.4730239926
163.32204972701106,3,suburb,2007,fair,638714.8483989596
162.15208208139612,6,suburb,1982,poor,616158.9065159935
64.89322528171635,2,suburb,1965,excellent,340920.83359510015
82.48699840339509,1,city,1997,fair,424973.59874183976
140.6014106883464,2,rural,1959,poor,327916.00021867495
140.55143803648835,5,suburb,1987,excellent,606123.9784919793
140.6019074522419,1,rural,1968,excellent,387778.6787205308
274.1092596261889,3,suburb,1985,good,1047527.7953403371
142.83562042772667,2,city,2008,poor,683948.4439051711
165.42262560722395,4,suburb,2012,fair,676036.6390499738
158.1600705397281,6,city,1995,fair,851048.9569362506
146.05565005223193,4,suburb,1952,fair,560945.2430340741
107.38923021438617,6,city,2014,poor,555087.7788776592
150.3587688197307,5,city,1957,fair,731974.8901859422
89.08699141849712,4,rural,2000,fair,270348.282315463
110.52725573039965,2,city,2022,fair,548799.0894478826
100.58545808683586,2,rural,1955,good,274064.92849814554
123.2749655754529,4,city,1988,good,644656.6734831491
212.58634266694034,2,suburb,2009,poor,818615.6026750889
45.309392296330074,5,suburb,1977,poor,204874.4985249418
147.45040761498055,1,suburb,2003,fair,561774.6258749738
55.491365152413934,5,city,1986,good,377056.8148090382
101.12272536842266,6,city,1958,excellent,587752.6259372605
163.55802387869466,5,city,2005,excellent,896975.3549432664
122.57120076381851,6,city,2008,fair,677200.1086776186
76.89020888282775,2,suburb,1951,fair,304140.0691574015
91.38785162960127,1,rural,2010,good,254642.91625691322
147.18390995738704,2,rural,2007,good,442336.86838816764
90.78533473131453,3,suburb,2009,good,456740.88096439454
128.658343583279,2,suburb,1989,poor,486846.59966515226
121.82287359615255,6,suburb,1985,poor,487135.2474787416
93.93598609576732,2,city,1986,fair,471293.99159745337
205.75776357301302,2,rural,1967,poor,518115.8353869512
145.35676089272044,1,suburb,2012,good,573980.5856994815
38.99429653369572,2,suburb,1971,good,192301.48383894077
127.45817259077711,1,city,1960,poor,580374.8593867398
93.52854140926448,4,suburb,2007,excellent,487263.7061174706
154.09733339184896,3,suburb,2006,fair,634258.8748724437
88.29917046269198,1,rural,1953,excellent,287755.368501106
115.41054234132405,6,suburb,1956,fair,481952.5812952381
140.1994911592183,4,city,2010,excellent,778936.0893199609
154.63020776680486,1,rural,2003,poor,371173.2320978291
71.98814371776895,1,city,2017,fair,389357.1687276645
106.61995056636206,3,suburb,1950,fair,442856.2148546157
101.00218755356175,6,city,2004,fair,582577.1153664803
93.86683069705153,5,suburb,1952,good,411572.37877348915
190.61816961124387,5,rural,1987,good,531909.0645061533
136.19926843843822,1,city,1950,excellent,714027.0321862121
69.56464182659819,2,rural,1987,poor,174440.9314913657
156.71447788219103,6,city,1978,good,850215.033818871
204.88624788050532,4,rural,1954,fair,532504.8268775832
161.29861042204587,2,suburb,1970,good,627992.2685501681
59.22520136183947,2,rural,2020,poor,146247.50271902623
100.63063708534995,6,city,2016,good,600069.8744958449
170.6764459674649,1,rural,1996,fair,442445.48765403824
91.69322137524877,1,suburb,1984,excellent,445226.2903800822
137.75277712584915,1,city,2017,fair,651183.6431578712
150.98536213717347,1,rural,2018,poor,430260.240960172
82.92278113687668,5,city,1950,excellent,505728.7257058769
117.618985757528,1,rural,2017,good,351342.1502425103
30.0,5,city,1961,good,223638.5573113554
79.02449434662842,5,suburb,2009,good,400282.30579895165
109.89727394427359,1,suburb,1976,excellent,480091.20476404915
70.08867272140603,3,city,2005,fair,406645.57308274467
185.2964521572654,4,city,1972,excellent,935267.5905558554
62.794344881574695,2,city,1974,excellent,402710.16908284684
102.39822053212065,5,suburb,1970,poor,425861.9043910739
125.22962309144366,6,city,2010,excellent,745697.8818176427
177.65093156264462,6,suburb,2012,good,758124.5083954254
62.56551395282243,4,city,2001,fair,348481.9600221199
166.52655008619837,6,city,1974,fair,852823.9679359584
120.40932244078348,3,suburb,2004,fair,500219.4717832849
80.73965395808196,6,city,1995,good,468119.877449079
138.48413897053084,2,rural,1981,good,399727.6416325766
127.96238782293881,2,rural,2004,good,390040.22345298476
95.99132491364821,5,suburb,1954,good,412975.477212711
122.79208339960076,1,suburb,1985,good,471099.7932331209
104.5874561255296,3,rural,1998,excellent,342950.667163785
124.54069381004992,5,city,2007,good,684411.0240849506
146.48522698084187,3,city,1988,good,737900.1012154818
183.4406726458141,1,city,2010,good,889264.6702507478
70.48738004692603,6,suburb,1958,good,354184.122122452
205.32133498625066,6,city,1955,fair,989080.6286636153
41.91648801909993,1,suburb,1984,good,174833.44432269444
113.92859619857667,5,rural,1988,excellent,327983.07605812117
143.53268825938306,1,rural,1971,excellent,431829.3563915888
131.2396747094013,4,suburb,1990,excellent,590767.3693661937
95.09201920717625,2,city,1954,poor,460871.1090615963
111.67510998570899,5,rural,1991,fair,305765.50404947373
100.27996261364669,3,suburb,2016,good,450496.0121997913
96.42540972223154,4,city,1979,poor,492710.87387237395
153.98408388084098,5,city,2006,good,804692.7275671841
134.2806194386019,1,rural,2022,poor,315204.93068330875
92.28361618957383,1,suburb,1978,poor,373138.44500516896
155.98399501733002,1,rural,1986,excellent,478347.25486699305
132.29198083506438,1,rural,1962,excellent,373862.10856964724
152.5144847535584,3,suburb,1981,poor,590756.6980162024
145.18515367694448,4,suburb,1995,excellent,633470.7397098623
86.84019956311711,6,suburb,1972,poor,355716.6463667266
97.59275839212123,2,city,1994,fair,527712.6428636858
149.89174420493046,3,suburb,1966,excellent,600502.9015096335
144.4148106173386,3,suburb,2015,excellent,632683.2442829966
119.16393624143407,6,suburb,1955,excellent,555176.6470140073
124.69309533235128,6,rural,1967,fair,388788.16037138883
171.106595831537,2,suburb,1971,poor,648415.5180782535
96.33714444656681,2,suburb,1982,good,373368.7245162942
141.8838952468015,6,suburb,1979,excellent,647227.0180678018
111.91229390264424,1,suburb,1981,poor,410805.4620168064
111.29275187091119,3,suburb,1991,fair,452587.1400292914
163.9510740794876,5,city,1959,good,849676.0155083002
153.0166539595212,2,suburb,1985,excellent,614177.8156991567
152.54038544002555,2,city,1983,fair,724759.0162293814
172.21915228617317,6,city,2022,fair,910562.5602520407
120.84015366531037,4,suburb,1977,good,530116.0668983301
147.27811885179855,5,suburb,1960,poor,578189.6173366588
107.58932973626176,5,rural,1988,excellent,361446.54736102227
132.9666540995377,2,suburb,1996,excellent,573281.1292858063
114.79427782529261,1,suburb,1968,poor,429067.5426185981
123.87983859970873,4,suburb,1964,poor,481645.4346414606
143.80628101747655,5,suburb,1977,poor,550365.660754105
87.2711726706611,2,city,1973,good,429550.3253390769
203.69549102741843,5,city,2021,good,1017336.9611946609
79.75930474001191,4,city,1958,excellent,502028.48769984074
71.43245548849072,4,suburb,1996,good,364306.07647081546
166.3244349400027,3,city,1982,fair,807330.1995664012
151.66650775851744,6,city,2011,excellent,843923.4352100468
144.9647926820862,6,city,1968,good,759862.9669100407
145.1338203705712,2,rural,2016,poor,399185.91104101506
119.51012908612341,4,city,1989,fair,655384.2510510501
84.10982514056674,3,suburb,1996,poor,329687.5120274894
123.03218232774906,3,city,2014,excellent,703413.1308879849
92.91353153951553,5,suburb,1978,poor,389048.9718494337
159.00478933671005,5,city,1999,good,830772.9734169858
114.11770473991446,3,city,1962,good,614613.9569862136
86.98011212829954,5,suburb,1950,excellent,422925.0892470228
107.14456633388026,4,city,1983,poor,544577.8372875539
136.51725817102496,1,city,1997,excellent,707793.1404278412
97.451017887841,4,city,1997,poor,469517.59316209547
87.11118417734275,3,city,1998,fair,466768.55177236366
129.7474884596765,3,city,2013,good,669109.8575797396
129.7986628443489,4,city,2010,excellent,695670.9199966576
99.7222729851548,5,rural,1978,fair,282990.7135553963
101.15846777526708,5,suburb,1988,fair,432662.7065982226
129.28199749430544,6,suburb,1975,excellent,620512.8417621062
62.07662634010703,3,city,1966,excellent,361069.026208441
63.70144902493779,2,rural,2020,fair,188086.52887886562
91.26223114990256,6,city,1962,poor,491387.8053855218
111.4621139315261,5,city,2018,fair,584063.6372647824
132.4363026239202,4,suburb,1975,excellent,574090.5542814661
179.0142486779821,5,city,1998,fair,871274.584344255
154.30638492808077,4,city,2016,poor,785778.9613764714
113.60245880146292,6,suburb,1956,good,497941.58927646274
119.23935168389245,3,rural,2007,good,358356.08714129706
79.89882541448765,5,suburb,1998,fair,389955.9778879773
119.2594745603044,4,suburb,2002,poor,468888.73074401804
108.45365444319447,3,rural,2014,good,330049.0304907066
132.90874241352358,2,city,2011,fair,637462.7808747413
86.91076225790708,4,city,1966,fair,437928.3557406656
140.7738605696469,6,city,1992,poor,706070.7146832935
181.30955652010311,2,suburb,1974,excellent,728864.595655698
115.6495940617257,2,suburb,1952,fair,433642.6279387512
136.06846888395765,1,rural,1978,excellent,404336.96833946597
147.6057596684445,5,suburb,1981,excellent,639056.3958455621
103.95118112456655,4,suburb,1975,good,461116.9055667891
128.96369927241668,2,city,1965,excellent,677536.6725563395
120.5036960312718,1,rural,1974,poor,279852.426818407
123.90704394195328,6,rural,2003,good,375782.4140123203
89.07960864578135,3,rural,1977,good,272992.6413894751
120.9804069703577,4,city,2022,good,656353.4821064008
139.91993164981798,2,suburb,2005,fair,559618.7905248157
178.04574431180168,5,city,2014,fair,939603.178128307
158.37083304340828,1,city,1990,excellent,799041.4896638916
206.12729830046226,2,city,2000,good,989788.2311264775
89.30609748447802,5,suburb,2020,good,418684.15870527964
154.89282546882714,2,suburb,1978,poor,558570.139061346
127.33368022953407,4,city,1968,excellent,662746.2348906809
207.59211732870688,4,city,2015,poor,1025319.4001460926
87.66806858579395,4,suburb,1990,excellent,388939.47052174294
86.41112631276896,6,city,1994,excellent,560612.1647618464
96.02429418223912,6,city,1964,fair,511748.04568657145
35.04417102760772,1,suburb,1952,fair,128910.9114069054
98.96979913276957,4,suburb,1960,poor,371331.5240470826
89.63469353785209,5,city,2002,excellent,583273.414113175
126.0157514590483,2,city,1995,good,639897.1935994329
133.67023903108637,3,city,1979,fair,676823.6461407457
195.04683356863546,5,rural,2006,good,582122.9377366453
158.016953527442,6,suburb,1967,poor,632629.1421792393
96.92385377350388,6,suburb,2000,fair,422013.3981675097
84.06341314606568,5,city,1997,fair,472372.5041549801
139.67676686026022,6,suburb,2015,excellent,642491.4004256127
67.1906717191743,4,city,1957,poor,335787.93949853844
193.25835063417415,1,suburb,1971,excellent,766337.5864300411
167.17760482885149,2,rural,1955,fair,417043.13874739833
101.23297391581181,1,suburb,2006,poor,392680.88931732817
51.4746188363649,2,rural,1985,fair,168185.1710828855
174.1548949666165,2,suburb,2006,poor,656274.7183544901
115.41840618989528,1,city,1998,fair,566452.2062166871
169.51265247893846,5,rural,1994,good,477843.1688507435
56.222893648225316,2,city,2015,good,361798.617928944
96.02499908184909,1,suburb,1994,excellent,418379.7709303037
120.20974798872733,2,city,1969,good,624387.5956417215
121.87922375058969,3,city,2013,fair,595435.1650422191
101.99738114083026,5,suburb,2016,fair,452582.42695877195
144.91399729389994,4,city,1952,good,726493.4243502776
77.29518282469623,2,suburb,2003,excellent,384342.49406387587
114.30482059914826,3,suburb,2013,good,516233.6902213102
124.81182526847596,4,city,1989,poor,596165.3096469513
140.57755336234996,4,city,2008,poor,679439.3292897167
148.4645951235556,2,suburb,2004,poor,537434.3810904754
75.01431632648523,1,city,2011,good,429468.1074131518
58.63543317057511,2,suburb,1953,good,262539.6582700129
171.10707287594036,3,suburb,2009,good,679798.0381842428
133.29256047918366,4,rural,1979,poor,337540.2476709194
90.06053853773786,2,suburb,1951,excellent,422353.16664908617
182.04607902090092,1,suburb,2011,fair,692303.4998690186
124.62698537171434,2,suburb,1998,good,509913.38458234817
167.17188736255306,5,city,1958,excellent,865647.5589950276
122.70073925640436,1,city,1980,fair,561653.4803774444
202.42991699527948,3,suburb,2010,fair,818414.1773918692
190.21363369772817,4,suburb,1997,fair,789747.1130866626
110.04143406083706,2,suburb,1974,excellent,462445.27456326643
158.86283803817423,1,rural,1985,excellent,484869.6578759806
145.8150379834059,5,rural,1957,poor,363708.30283437204
174.74526230129396,1,rural,2022,excellent,524061.5894304833
81.40306157679582,6,suburb,2007,excellent,471755.2977727531
147.44205839993757,5,city,1994,excellent,807587.7308856463
162.33697947398352,3,suburb,2011,fair,644354.2877009935
49.65042054307543,4,city,1988,good,338448.5117196031
72.669659493369,3,suburb,2007,poor,283911.7174354034
38.43071288959598,2,suburb,2013,good,236791.79395935417
109.2237266222177,1,suburb,1993,good,449561.6036888354
148.70169023183848,6,city,1978,excellent,811602.5958801896
180.0942820838411,5,city,2008,poor,882340.9173109679
122.96379121679101,5,suburb,2020,good,530000.3981438803
185.14462182285166,1,city,1958,good,861427.3548703527
64.79594167140434,6,rural,1955,poor,180729.50477148237
51.86470242579381,1,city,1978,excellent,291165.2902818425
117.77809204413525,2,city,2007,good,607592.1146760285
135.3626179575723,3,city,1966,fair,671590.1224995853
118.69221007623628,5,suburb,1965,good,510522.51355446223
37.302315998404936,2,suburb,1952,fair,172542.85412464308
116.43519841948846,3,city,1970,excellent,612815.5932281113
67.82121997980587,2,city,2013,good,406763.14519352524
146.78690195320155,6,suburb,1985,poor,600369.1411470227
134.66392984387392,5,city,2011,poor,722392.8276925276
82.4048085469058,1,suburb,1991,good,397441.6570136355
99.44532330653226,1,suburb,1991,excellent,431098.2920574505
77.63145912444193,3,city,2010,excellent,465760.28852195945
117.49283610907312,4,city,1962,poor,569792.9200518547
158.20569282004953,6,rural,1960,good,464607.70777162915
80.57095814657825,3,suburb,2003,excellent,429074.8487371835
140.16186062071378,4,suburb,1965,poor,527026.5285511734
98.78969526510237,2,city,1957,fair,485678.5140225222
88.28508670950623,6,suburb,2008,good,436107.76635710703
115.71878560181769,2,city,2006,fair,591096.7172589914
78.59030710322503,5,suburb,1989,fair,392614.2594397639
97.85402778611271,6,rural,2008,excellent,357043.1019380102
72.08488429644606,4,city,1951,excellent,401484.62600053265
198.58900531665557,5,city,1959,excellent,1038028.5574625559
121.41054207886914,1,city,1993,good,586193.3349828022
92.01097968029657,4,city,1960,fair,476187.09382205905
128.55919642936888,3,city,1951,good,659757.0006695923
115.50687801236681,1,city,1999,excellent,615228.8481262728
111.16121601867108,1,suburb,1961,fair,415645.97715615504
144.566668001737,3,suburb,1972,good,575922.3705570868
150.3003084018922,6,city,1967,good,736853.512203015
98.7799540955789,1,rural,2011,poor,269538.3061445134
96.9672703742128,4,city,2011,good,541793.6826994424
108.99793211393424,5,rural,1987,excellent,400361.76264055667
30.0,1,city,2016,good,210960.5605992374
59.39235751205791,4,rural,1987,fair,182219.15057824214
174.674970697781,2,suburb,2016,good,727167.2962795324
185.79870854005134,4,rural,2010,poor,510939.488615287
110.03855841774487,5,rural,1950,fair,299711.9039155381
143.06227852223066,4,city,1994,fair,749653.1506615025
132.45000618174146,3,rural,1977,poor,324273.85372845863
243.15523233820952,5,city,1970,excellent,1232391.500910101
164.78299645738306,6,city,1962,fair,848951.6518125993
114.88329634076933,2,city,1976,excellent,625670.4652137458
81.77838237598297,3,suburb,1956,fair,345832.6135258565
55.74214718969711,6,city,1971,fair,344686.51874237356
128.13854543468892,4,suburb,2002,excellent,607172.7163787088
89.74597018862787,5,suburb,1953,fair,382096.946216932
63.10985161609303,2,suburb,1972,excellent,300814.9185724311
94.13708463029894,3,rural,2019,poor,253342.2437664509
76.7380798554242,6,suburb,1982,excellent,453056.8553090538
187.48566540290258,6,city,1977,poor,912345.8257512228
155.26559027797802,2,city,1957,fair,758027.8607861099
119.6810943473353,4,city,1950,excellent,625855.5906468055
179.19776555560105,2,city,1986,fair,864148.0539016884
123.09473230590473,6,city,2012,excellent,730867.9644063881
85.54863194686945,1,city,1971,poor,422893.3813554371
180.9249630907863,3,rural,2019,poor,459631.8735145168
141.55640174738636,2,suburb,1970,excellent,574989.7619313832
78.51015382694175,6,city,1984,poor,437965.48465429817
112.38645287665567,4,suburb,1954,fair,487887.2669407695
84.97526986460971,6,city,2009,fair,484205.5447918684
64.68801076142655,4,suburb,1995,good,271608.5060970516
157.04710190126565,2,suburb,1999,poor,595064.923592022
196.37666561880522,4,suburb,1997,fair,797446.4545869189
64.05729704723436,5,suburb,1955,excellent,322830.1507172464
142.51876946762283,5,rural,2005,poor,406503.6901893601
93.97429723512693,5,rural,2008,fair,273820.09366405546
100.51498464941216,1,suburb,1978,poor,364922.77402405016
96.30424303044524,2,suburb,2020,excellent,470748.921215324
85.44036921280735,6,suburb,1967,fair,364336.0211313377
121.94086511779308,6,city,1951,good,662864.1596602199
86.76199534355848,1,city,1957,good,453228.449271858
130.81827303119354,4,city,2003,poor,664660.910624598
117.99047562203452,1,suburb,1987,excellent,490853.19108750887
110.44207812534361,4,suburb,1997,fair,499465.84830557293
83.69745351833609,4,city,1976,excellent,512806.39107096224
96.9291467772667,3,rural,1969,fair,228920.99226695395
150.21564903303025,6,rural,1961,poor,411302.4299739571
140.03668750497522,5,suburb,1992,fair,573704.5899695653
80.89779020805796,4,suburb,2010,excellent,423163.31570185797
123.97329221716903,3,rural,1980,excellent,406695.9814070709
150.05548493487157,6,city,2010,poor,764257.5905136254
53.22378875514514,5,suburb,2016,excellent,301693.7872376862
141.7344076951974,4,city,1984,fair,744915.7384665048
93.49504964216614,4,suburb,1964,poor,394873.84813583706
142.82394674372637,1,city,1965,fair,663462.6400831097
89.46963373829932,1,rural,1962,excellent,295795.5500017607
47.804715973419235,6,rural,1984,poor,152343.5836949325
54.89830248467349,5,city,2008,fair,352981.76471624774
121.92339786645528,4,suburb,1970,excellent,544038.4734665041
130.38890006885927,6,rural,2003,excellent,430854.47845811624
83.82733499582366,6,suburb,1979,good,415464.45758668025
145.54369835109495,2,rural,1997,excellent,414641.29956971615
53.5391975092416,1,suburb,1984,fair,216709.49441795817
117.35680805410733,5,city,1987,poor,607895.2256931511
71.55935200950174,4,city,1980,good,453779.09820199054
93.92655568791363,6,city,1973,excellent,550818.8162893574
121.89594685265656,4,suburb,1998,excellent,571236.4698242121
85.58346538864191,2,city,1981,excellent,493228.56977744587
104.61777823080699,5,suburb,2004,fair,426089.6270172504
160.2517123685776,6,suburb,2007,good,705616.8048150644
96.92432521907405,4,suburb,1952,fair,415533.27236834215
153.42768448260568,1,rural,2018,good,441999.4963459023
74.81172581369528,2,rural,1959,poor,178369.59685541515
141.1921671166113,5,suburb,1974,fair,586956.6023502492
177.66274482631601,2,rural,2017,fair,479287.48152813903
30.0,1,suburb,2010,poor,96210.8532336961
88.12418978118093,5,suburb,1978,good,415113.48970734066
143.0828850872216,2,rural,1968,excellent,411057.5160896984
111.8781845582803,3,city,1992,poor,535355.3870923017
134.84583493485235,1,city,2015,excellent,754005.6562785687
95.84059253136718,1,rural,2010,excellent,343069.7364676724
123.463591498916,1,suburb,1992,poor,434465.48818980984
113.77291058431682,3,rural,1974,good,335987.70933367714
166.71128246639228,3,rural,1969,excellent,512767.58343062794
130.17683373204852,4,city,1997,poor,619371.7687126982
133.5041064830081,6,rural,1973,fair,381449.51838736254
103.5249213551013,2,suburb,1960,fair,404171.17139275454
100.49575103710026,4,suburb,2004,fair,411294.8460835805
102.69767248721516,2,suburb,1977,poor,394802.62704621913
135.77808569513186,6,rural,2018,fair,430192.33347867895
103.16062076718949,3,city,2012,excellent,620383.7452807357
131.59099427585653,6,suburb,2008,fair,569740.2973605646
203.01603194581756,3,suburb,1954,fair,818890.6157076454
154.8449881372677,6,suburb,2000,excellent,663282.6222262286
106.95905871328635,4,suburb,1970,fair,450176.94556412013
168.04855688655778,5,city,1961,excellent,858472.619590913
103.67698507913795,4,city,1999,fair,552850.0856060588
38.475018592885846,2,city,1953,excellent,244199.44866588575
79.67654756330384,4,rural,1991,fair,253861.26327974047
45.16832315896578,1,city,1987,excellent,284219.83993330214
105.93946063834765,2,city,1974,poor,482207.8893120342
120.73673516758207,6,rural,1963,excellent,379062.3454509174
187.05749249101132,2,city,1981,fair,925907.9061585419
133.0770949505665,5,rural,1960,fair,373255.5026506079
111.23597884764543,3,suburb,2010,good,452406.9497207558
153.17622324733958,6,rural,1967,excellent,485138.6904959503
31.5545876396846,2,city,1976,poor,161102.11113142077
129.42458232434262,6,city,2004,excellent,749502.6422014845
150.83460775547866,6,suburb,2003,excellent,707902.350999359
60.856550168806336,6,rural,1970,poor,207720.26387939212
165.75016172827716,3,suburb,1993,excellent,687024.327663384
133.53985629977657,4,city,1954,poor,642334.5202658868
103.38848344396794,6,suburb,1990,poor,433276.32034351316
145.3112746442514,1,suburb,2008,excellent,626057.8323407903
210.82771431217583,5,suburb,2003,excellent,890833.6816491096
127.27465020233981,3,suburb,1971,fair,505273.7703224608
129.92882345201343,2,rural,2014,fair,354423.64106462896
101.62556401839024,3,suburb,2013,good,451229.64015481825
86.00622522140833,2,city,2020,good,506121.0336149002
153.21343266176982,3,suburb,1953,excellent,686883.6808777258
85.75664696364531,2,city,2014,poor,435446.75321125344
122.8626494887757,6,suburb,1964,good,539306.1425632545
100.89370212939534,4,suburb,1971,excellent,439804.5924480295
139.1591930298557,2,city,1996,good,684008.0046381231
133.34648421147793,2,city,1995,poor,630024.4582359326
161.50159777031598,1,city,1963,excellent,783955.9255536734
99.59934404581011,2,rural,1999,poor,247340.41045250584
109.20500258826515,1,rural,1969,excellent,361099.7956929597
80.8494513687077,5,city,1999,good,483898.3474339543
102.22826959695553,6,rural,1982,fair,311712.086860732
135.0920197217941,1,suburb,2008,good,533847.4597916942
150.2795446658141,4,city,1992,good,800808.8454915552
83.11338703289499,6,city,1961,fair,465258.66908825614
154.7842368042264,1,suburb,1989,fair,578305.9791921979
174.22551435219805,6,suburb,1969,excellent,727096.8353217242
136.53739612894805,6,suburb,1987,excellent,630812.5877891856
195.07183250232265,6,city,1952,poor,937782.0862249039
89.04843203585708,5,city,1977,poor,502909.5390816948
70.21381186754331,4,suburb,2005,good,385147.6965631949
48.85119004382885,3,city,1962,fair,246124.74530190433
179.84177245956732,3,city,2015,poor,844344.911310433
146.17462625416232,1,city,1986,good,705259.4254412015
117.7766131635818,6,rural,1998,fair,338343.11368471093
131.19874505279282,1,rural,2015,excellent,409725.319640437
74.98043810806493,5,suburb,1985,good,360897.1074073224
217.83007918467305,5,rural,2003,excellent,644902.8368543206
125.1688472790091,2,city,1975,poor,606081.6831884803
124.37579178419571,5,suburb,2021,poor,501968.4202163944
149.03066495594769,2,city,1989,fair,740042.2167513125
139.24036926946854,4,suburb,1992,good,575692.2810836833
128.95536097116525,1,rural,1971,excellent,420962.52331377217
88.38102178218753,4,suburb,1969,fair,408091.1977408629
138.85873428543982,5,city,1957,poor,681102.6975667545
195.28097985900135,4,suburb,1978,poor,725739.858601804
173.8168018461991,4,city,1989,good,858578.2887144045
183.72746506557587,4,rural,1979,excellent,554918.4861988727
99.5513729427526,5,suburb,2004,good,464776.8872632994
80.41580718965676,6,suburb,1965,excellent,437534.2435978035
114.96852319601408,4,suburb,1995,excellent,578471.2628915634
122.22899649154779,2,suburb,2011,good,499116.72859524953
163.76766073883795,5,city,1956,fair,790351.708449609
52.30141481140723,4,suburb,1994,good,282136.2980117185
181.18201277842456,6,city,2008,good,977214.2497319565
113.67968405684043,5,suburb,2005,poor,457937.65680891037
102.9247572021032,3,rural,1997,poor,275211.91206023254
79.5158249895933,6,rural,1976,good,299238.8531984437
53.80573312536923,2,suburb,2002,good,231043.0824815218
152.92682335847658,4,suburb,2022,poor,619242.9233192977
122.93271868753615,3,city,1984,excellent,654395.172221937
68.40156401035784,3,suburb,2000,good,329728.7622567143
68.19684911745536,5,city,1986,fair,414081.50684022286
106.56861202839487,3,suburb,2006,fair,452063.1734599833
186.7608610115757,2,city,1957,fair,853719.4265098536
109.6163459454558,2,city,1969,good,542748.6339898816
59.874281875275756,1,suburb,2002,excellent,332079.274357482
110.17027743656223,2,city,1961,excellent,587844.9063430121
109.09105721009318,6,suburb,1998,poor,485534.1885080324
30.0,3,city,1966,good,213005.90620366085
117.8282053392875,2,city,2013,excellent,657909.2453916322
110.76261879165288,5,suburb,1991,good,491322.5058512039
147.84825459253673,1,city,1978,poor,658966.9127310666
193.9582437978138,3,city,1968,poor,922086.051407123
165.06260118191028,1,suburb,1960,poor,613772.8444637881
109.24445237780678,3,city,1999,fair,542814.4094841976
75.73896365033319,5,rural,2020,good,265254.6165323251
222.93439212999442,1,city,2007,poor,1023440.2360203568
122.36873736057953,4,city,1983,good,679555.8102222609
120.55717167651785,6,suburb,1969,fair,526768.5271388295
119.03499651559987,6,city,1999,fair,623675.7477228817
127.92339043071419,3,city,1959,poor,603295.6011064239
114.2255835230423,4,city,1981,poor,564597.5507386817
97.05351972479055,1,city,2001,excellent,503775.44764147885
98.12564235038431,4,rural,1964,good,292405.70330302784
118.68986919136006,4,city,1952,poor,569303.6625689928
98.26300915464941,1,suburb,1986,excellent,426514.1824843947
91.48616869291342,5,rural,1989,good,290919.17751535604
124.25720910767588,4,suburb,2021,poor,540253.8237546092
109.80091130316579,4,rural,1989,excellent,357748.12480558763
180.15971954330755,5,city,2005,excellent,964212.1590708892
30.0,4,rural,1972,good,133824.70575446542
163.66027407689847,4,city,1960,excellent,841370.8963386965
169.84340769990516,4,suburb,2013,good,712526.3623670127
37.06439070367402,6,suburb,1957,good,230238.81845518172
106.29249623678605,2,city,2005,good,557411.3636035215
105.14236536016834,5,suburb,2009,fair,450827.8524546776
63.69953221128715,4,suburb,1959,excellent,327695.8258155809
88.88733249636499,6,city,1988,good,544199.4337406396
75.57696618136686,5,city,1977,poor,405000.01518855005
190.09081773694493,3,suburb,1998,fair,747562.5821050268
157.42713572589844,3,suburb,1985,fair,623578.4286277614
170.86220379976635,4,rural,1962,excellent,506417.1917341175
148.8668825617294,6,suburb,1985,good,656593.795522502
74.83792915131083,6,rural,1975,excellent,286628.01776816155
99.01918934880905,5,suburb,1953,fair,399742.37559387065
139.57498244911673,5,city,2013,good,730213.1144475278
71.11488764432218,6,city,1987,poor,428870.722654177
148.51993720689552,5,suburb,1971,good,640576.7829042452
110.3869840736746,6,suburb,1951,fair,482880.43635197903
105.0071676980161,2,city,1980,poor,513756.32519832597
148.43839872813965,6,city,1960,good,779741.6746041107
137.7705324594416,3,rural,1995,poor,344651.7495473488
105.5613533672368,5,suburb,2011,poor,430912.7239260918
166.37319213456993,6,suburb,2018,fair,683156.4917527419
76.7574668960041,6,suburb,2013,poor,384070.05459662137
144.63742427777055,5,city,1959,excellent,770505.5121348845
143.72405031873535,2,city,1989,fair,717355.4078185268
107.61814242744039,2,city,1973,excellent,572043.9243158686
133.04532088968472,5,city,1993,poor,661679.1198387329
69.95545694458788,1,suburb,2009,excellent,321452.3490495135
156.96108076827605,5,suburb,2011,good,663796.8036260387
112.60391454228044,5,rural,1966,poor,326614.17055959883
99.09107917923842,2,rural,2014,good,284134.3884345759
161.96036903347556,2,city,2006,excellent,879156.597080233
91.82625237828964,5,suburb,2004,good,420762.36001244985
63.661548145457616,5,suburb,2002,poor,310180.57273667236
57.73483305904385,5,rural,2005,good,223158.57345660546
144.24039805382557,2,city,1958,excellent,726670.5995916914
68.78282590014868,5,suburb,1971,excellent,342689.75769803254
190.19176727937457,5,suburb,1962,excellent,798722.5025507237
36.72282368465112,4,city,1997,poor,205586.98665360993
187.85825473160153,1,city,1967,excellent,885230.6042968581
128.44069868810473,3,suburb,1989,poor,500278.488841526
116.1314755251843,1,suburb,1966,good,445364.84975394834
98.20323652764202,4,city,1964,excellent,592601.5346968888
135.96544457408282,3,suburb,1964,good,572476.0347685546
118.49461190300606,5,city,2012,fair,673174.3971902627
164.13207528066084,4,suburb,1988,good,664257.812920221
124.56910594648159,5,city,1962,fair,644283.7315617929
126.01207045847511,2,rural,1981,good,301515.54990671924
105.45551151144576,6,city,1958,poor,542913.7541877715
117.72217505115731,4,city,1989,good,631219.7546907015
132.31207075568236,2,city,1969,poor,617985.2799546061
51.593264293734975,4,city,2022,poor,307322.3211109739
66.07258311577148,4,suburb,2012,excellent,368193.1506518107
149.7305637609086,2,city,1993,poor,651022.6842408205
126.83461752511768,3,rural,1987,fair,352027.51878192206
112.64066654589283,1,city,2009,excellent,611051.7972951186
120.73735732261572,5,city,2020,excellent,730078.6160043478
133.90326821446683,4,city,1997,good,713439.4681506393
98.40961278762555,5,city,1967,poor,503728.5162100502
88.86781098390749,6,city,1965,poor,499503.9878722031
127.83381020390726,2,suburb,2004,fair,464055.03224207653
80.86508889539871,5,suburb,1988,good,379815.34941089246
136.33011022857886,2,suburb,2017,good,552972.1972217096
51.89665583048638,5,suburb,2008,excellent,325137.5249931247
161.16622549302576,1,suburb,2011,excellent,628724.5555303094
138.90389929652173,1,city,1962,excellent,722460.2600792221
130.24118937255503,1,suburb,1955,fair,478372.0837475131
159.30763935782056,1,rural,2009,fair,426214.26828194805
186.61897777850305,1,suburb,1963,excellent,744790.1445038088
160.5748026007252,1,suburb,2003,good,661819.0872601497
46.36503074673419,2,city,1953,fair,202903.63566282293
68.81692133057194,4,suburb,1988,good,336987.3400994552
95.00725689217285,5,suburb,2021,good,480449.69002591947
121.04364200843335,1,suburb,1974,poor,437797.38229594624
140.70636081876492,2,rural,1981,excellent,400169.8781022698
90.97024747386138,2,city,2008,poor,436288.31131926045
127.47067057908313,2,city,2012,excellent,676759.177569746
89.7846827058671,4,suburb,1987,excellent,425303.85715066176
95.53928788032206,5,rural,2002,good,312238.06857142574
63.73355612607111,4,city,2016,excellent,459965.95063102007
83.07067015556383,3,city,1977,good,440370.7203892875
65.93261577534665,2,city,1952,good,337943.29150347994
80.9650698809067,3,city,1971,excellent,479038.42614508636
162.14567186431358,6,suburb,1987,good,690728.0114322513
82.02404444672229,1,suburb,2021,good,336202.85734130256
225.29528259349564,1,city,2021,good,1083105.0029151498
139.73271603523557,4,city,2011,fair,717319.3935106215
127.39344494779496,5,city,2006,good,715784.0691738403
85.66568879275147,3,city,1955,fair,413552.55160332844
148.01239517635966,5,suburb,1981,fair,627991.0122900037
96.97448695048905,4,rural,1959,good,287282.1524391749
124.88039258581446,1,rural,1952,good,306554.10878765484
222.4033815307518,5,city,2008,fair,1078639.6506468444
116.157604011014,5,rural,1998,fair,381466.0201846042
165.97093305142704,1,suburb,2008,good,655297.0385284285
91.8729429949645,3,suburb,1980,good,420472.67711648194
118.60046038012153,1,suburb,2018,excellent,488799.26947627496
190.8320254254204,5,city,2011,fair,1016998.0121736699
94.9213176884893,3,city,2001,fair,515510.8221655444
192.49794231987715,3,city,1990,excellent,976131.936156343
148.310077418219,1,city,1980,fair,691272.0312248754
97.50132896422929,5,city,1971,poor,518947.9429050917
145.29630956222084,4,suburb,1953,fair,586110.348158496
158.9021779850692,5,suburb,1962,excellent,691698.4263541979
144.87239848868785,2,suburb,1994,poor,547758.2097233209
57.191011204381745,6,city,1991,good,399080.8921002362
90.91451296700527,4,rural,1998,excellent,289360.76005920913
110.0992545779398,3,rural,1969,excellent,340312.7167347705
117.02266283599815,4,suburb,2003,good,482844.30904373643
144.82688390202713,3,rural,1985,excellent,451176.3682589152
127.10804003733016,3,suburb,1950,fair,480072.6647137222
66.58622565159595,4,rural,1964,good,187375.37999024676
135.20791404023853,3,city,1966,excellent,695559.882700694
144.42342981135292,3,city,1973,good,729392.5581804038
142.3916179172416,2,city,2007,good,715157.712976471
163.23122902218486,5,city,2021,good,841577.3994191764
153.35688618195616,5,city,1972,poor,722008.6157841904
138.36720316913747,6,suburb,1995,excellent,644100.5871495049
117.19337154165412,6,suburb,2021,poor,497780.77541494556
53.56156265936035,2,suburb,1957,excellent,265160.01137641625
137.18472876530342,6,city,2008,fair,733137.5756940994
128.30750748652446,4,rural,2008,fair,377539.3317111651
130.86315348781494,1,suburb,1962,fair,506046.28259153204
68.93005696718762,1,city,1988,excellent,397115.44037151313
76.7577383836695,1,suburb,1977,good,315418.6071860173
162.12611413331615,2,city,2010,good,810062.7843618387
118.4177938457338,2,city,1965,poor,543595.3329606097
147.26002789490497,3,rural,1951,poor,325072.9998751095
121.13273504521845,1,city,1966,fair,589936.2311292746
121.1902455798298,4,suburb,1979,poor,496853.6613371434
157.5313522390399,6,rural,1962,excellent,521841.9252453077
99.35821087130505,4,suburb,1962,excellent,507299.5452662503
123.84483107763934,6,city,1992,poor,624781.3372043219
101.5089884517983,1,city,1970,poor,455082.44962551584
102.62015090270738,1,city,2004,poor,534021.470999586
107.63311506125443,1,suburb,1989,poor,398168.2019088713
128.88535086534853,2,suburb,1964,fair,499871.4811661897
100.8500551334609,6,city,2022,fair,549402.6490666826
170.23024502294084,2,rural,2001,poor,433058.3606865935
84.21570791121985,2,suburb,2002,excellent,441815.35597557324
112.52513423354564,5,city,2001,fair,632595.6202530259
102.410757669033,4,suburb,1979,excellent,468979.0351781479
177.8791153741493,4,suburb,1982,good,716438.488015569
127.86219106046299,3,city,2006,excellent,675761.8539221982
161.2737815787454,2,city,2001,poor,744208.7542993602
60.577585078521125,6,rural,1958,good,179181.9656127213
130.68201063477036,5,suburb,2003,fair,555258.8447919785
155.58523182493747,5,suburb,1950,fair,650309.0481683831
123.29135957101697,4,suburb,1993,good,540457.532937536
162.61921500261406,2,city,1958,excellent,843111.2473110779
99.30846199598511,3,city,1981,fair,528853.0670004529
176.3738976074232,2,suburb,1964,poor,635009.869595271
211.95592494477,1,city,1961,good,979111.529023336
105.48645758241364,2,city,2006,poor,498265.36798383226
102.17989914396912,1,rural,1957,good,242390.51897668495
178.13537908470803,1,rural,2021,fair,471671.51445921086
183.1828858292285,3,suburb,1976,excellent,700369.1010536808
99.08559891386926,6,rural,2011,good,348133.7475790139
103.19252731616571,4,city,1961,good,551303.9916371232
108.72861564557971,2,rural,2014,poor,298377.4748792881
66.22197955862892,1,city,1991,fair,354639.23367279285
83.25392214063207,2,rural,2011,poor,230285.304904294
79.83436932991728,6,rural,1960,fair,277233.9211448966
89.28809739583485,4,suburb,1992,poor,382876.06684404967
118.61260450452875,6,rural,1966,good,345527.71387454803
129.36858930146082,4,suburb,1981,poor,504472.70064234134
182.02001971256308,5,city,1989,excellent,918364.2681715311
80.06583837044836,4,suburb,1972,fair,329193.2093241708
159.37289593906334,3,suburb,2005,fair,629622.4972619602
111.44044623097965,6,city,1955,good,624907.4802305617
118.02145161390268,1,suburb,1999,fair,446370.0052392134
146.99277968666416,5,rural,1986,excellent,435857.3909693055
75.09111913750806,3,city,2013,poor,356659.3980586237
135.29638984736204,2,suburb,2003,good,545638.653078637
126.65808832852224,6,rural,2021,excellent,476496.448035812
139.69805056032595,1,rural,1998,fair,372697.46204272297
131.5667457563127,4,rural,1960,fair,371551.77806225413
218.21200559643577,1,suburb,1998,excellent,853562.1354938839
94.49040062994736,2,rural,1970,poor,201307.96630982927
98.76012179992729,5,suburb,2015,poor,403614.88919797685
95.07437894300942,5,city,2012,good,551892.0830603896
97.78091523358981,6,suburb,1977,fair,397628.71797133813
94.50451490773929,5,suburb,1966,excellent,438084.44533966604
167.56066124430208,6,city,1955,poor,814795.7618799334
176.8201699195942,6,suburb,1968,good,711134.105589273
97.17014825002096,6,suburb,2005,fair,406838.87335357885
86.70577707583085,4,city,1977,fair,469469.07080543396
138.85662225545616,3,suburb,2015,good,589301.2690173335
97.91107822876114,6,suburb,1987,good,478560.4789761427
145.31727271022044,6,suburb,1986,poor,570933.6667717446
128.116920834052,3,city,2017,excellent,720224.5986141834
59.37023540011072,1,city,1998,fair,336752.143190236
181.90020805320245,6,city,1992,excellent,984795.2308841482
191.8351069238209,4,rural,1985,fair,497705.5307282369
95.48845238062455,5,city,2007,fair,536099.6487029954
104.49193760256064,5,suburb,1962,excellent,479015.2275833067
131.4346156289962,2,city,2001,good,650470.0991769078
133.378271599481,2,city,2007,poor,652367.4299877309
146.3417709069132,5,rural,1981,fair,403939.24378084776
200.40818155065398,5,suburb,2009,good,855071.3666513548
112.92211090023802,4,city,2007,fair,587801.0392661997
88.06811021846185,3,suburb,2005,poor,353721.70517306245
64.82723087941892,2,city,1977,fair,323892.31905275566
90.76279840232324,3,suburb,1950,poor,320342.40547461953
118.67492108504811,4,suburb,1991,poor,492018.21387850505
191.78231454071152,5,city,1997,fair,1005234.6487254851
99.29554803855314,6,city,1989,fair,548685.4214021661
128.95151806555594,3,city,2012,poor,622671.9124215017
119.34308415708992,5,rural,2021,good,367016.93230287405
167.53573093792335,5,rural,1953,excellent,479991.08969900844
221.07729703494488,1,city,1987,poor,1041343.510382068
98.76524908318717,3,suburb,1976,fair,390185.28630427603
100.42242229927112,6,city,1958,fair,534195.5643289292
161.76643508276288,3,city,1965,good,775641.8728294135
147.27565958505247,5,suburb,2005,excellent,673565.3499834501
193.86829302944136,6,rural,1980,poor,506939.31202763953
143.35712741303854,4,rural,1963,poor,339813.5302752413
105.62831636851762,1,suburb,1974,excellent,436405.34698030184
143.62619322769237,5,city,1983,poor,748476.5369353269
164.3481432233163,2,suburb,2016,excellent,699307.470729314
152.81928724789458,2,city,1973,fair,731220.5005244716
140.2909612442919,1,suburb,2022,excellent,605160.5369799722
162.66698758356614,4,city,1975,poor,812393.9518902712
166.7718236178269,5,suburb,1969,excellent,698974.2777777626
175.2863596415011,3,city,2013,good,877360.7079832259
145.94839550358572,1,city,1959,fair,672888.4756328855
113.31527678732583,4,rural,2016,fair,302533.1477837875
125.86854745733291,3,city,1973,excellent,654585.6332263714
168.26035866033428,2,suburb,1954,poor,632670.787722822
87.32257316051056,2,city,2016,good,491155.84914889984
134.74693235491605,3,city,2007,fair,698602.533099163
104.26644750690558,1,city,1976,fair,485417.2093304471
121.1497929173927,2,city,1964,poor,552860.1633258904
171.13807450429195,5,rural,1984,poor,411970.0689095401
127.64396272079614,6,city,2002,good,729036.5230899088
121.85746192624595,3,rural,1993,excellent,409890.95399831224
65.60575436080323,3,suburb,1975,poor,286359.1350296038
149.85014264108884,2,suburb,1996,excellent,668542.3385774646
145.819367245643,1,suburb,1983,good,581891.8939541129
206.5301889322184,5,suburb,1999,excellent,909146.31688692
107.68887060187997,1,suburb,1961,fair,401170.44198361033
128.76601310655755,4,city,1953,excellent,655606.8516793981
129.9753473484302,4,city,1997,good,705603.5566127383
183.098131190539,6,rural,2004,good,498357.73233711964
116.18817870452192,2,rural,1950,good,318255.6698807199
131.16086103081358,2,rural,2015,excellent,432392.5425164377
144.31586038866158,2,suburb,1979,fair,564522.2733198856
127.46436492625432,6,suburb,1952,poor,557436.575146161
102.14265541797887,4,suburb,1970,fair,386394.97962178435
127.7635997159323,1,suburb,1998,excellent,544291.7455266379
162.94526999439088,6,city,2011,excellent,904102.8242798122
78.9393880235576,6,suburb,1987,poor,327799.7405611591
125.31878696587503,1,city,1964,excellent,612859.8855319519
91.99516740243307,2,city,2001,good,472575.6810944168
167.8018651569937,5,rural,1995,good,463231.53049579967
59.07252380864901,1,city,1974,good,310666.4641356432
97.64312610913646,4,city,1970,good,517334.7694880709
135.08847500258082,3,city,1954,good,681256.3051935273
182.62096116937363,3,rural,2019,excellent,559778.9161305581
117.36998955708049,6,suburb,1996,poor,509167.5415998675
97.79201893227207,3,suburb,2017,poor,393348.74325248436
195.2462827776236,5,rural,1967,good,542780.5912555862
62.07944398335024,2,rural,1970,excellent,245693.24388357525
32.04776173519673,4,city,1972,fair,224126.21943393507
137.6005780021333,5,suburb,2013,fair,624041.6346965482
99.91783102589555,4,suburb,2016,excellent,510347.7714285577
79.15068731477147,4,suburb,1989,good,406810.6157861465
148.33425789197412,2,city,1959,poor,632157.2979552823
129.75202855084797,6,rural,2001,excellent,436838.39094483986
97.43685477053086,3,suburb,2021,fair,415794.0271548667
68.78782405316423,2,city,2010,fair,367045.6136329548
154.89829313120578,5,suburb,2013,fair,633034.666870258
146.00804711834644,6,city,1954,good,776960.2000402425
116.03296544882468,5,city,2002,fair,586981.2158713628
193.86547984190662,6,suburb,2004,excellent,854984.4646882896
77.19660934695389,5,city,1986,excellent,474950.51765768166
58.97899316301044,2,suburb,2005,fair,253816.6535844289
92.32367720475023,6,suburb,2008,excellent,492135.2733284156
118.17655934578009,6,city,2018,fair,657370.0716133371
129.73357797290768,4,rural,2022,fair,400439.00536310754
110.35055768574681,4,city,2008,poor,546187.4394689408
134.08221586057186,1,city,1951,good,637255.8583282309
69.93842303238225,5,city,2014,good,459498.3659859431
177.75058416293038,4,city,2009,poor,876601.6236082147
116.71395286429726,1,city,2000,poor,553724.6729585936
164.6918332635251,4,suburb,1979,good,697551.4569163551
133.70901385510817,5,rural,1960,fair,357776.7842748691
138.27012876615134,6,city,1988,fair,718878.9619052357
142.79069120928816,3,suburb,2021,good,617064.5770920841
137.9083424006926,5,suburb,2012,fair,584481.4029222716
145.70891039470175,2,rural,2013,poor,399645.4563012385
173.16610120529725,4,suburb,2010,fair,708793.4330813712
127.86084678805881,4,city,2003,fair,649406.7969404594
148.36015030354048,6,city,2022,excellent,850388.3569021551
116.41057222851093,2,suburb,2007,excellent,503524.0667381886
177.60468861797892,6,rural,2005,excellent,570689.8220502905
92.9443079176292,2,city,1983,fair,436806.3394983683
192.03761731643263,3,city,1980,good,968610.5834078707
118.39368197422627,4,rural,2001,poor,328062.3669618346
62.768995915278076,4,rural,1950,fair,179354.3708042139
125.12417659643157,3,rural,2004,good,386564.7068501133
92.75793370100476,1,suburb,1971,fair,366655.09420686425
153.62574195954898,6,city,1989,poor,807423.4725311316
93.89504082790437,3,suburb,1950,fair,400443.381747525
102.15266267140882,6,suburb,2014,poor,458795.39450039744
44.41837076217877,5,city,2012,fair,288447.254668973
101.90774723003693,4,suburb,2003,poor,410537.7100192082
30.0,6,suburb,1991,fair,199067.06228376704
56.64388706057107,2,city,1970,poor,296531.92566047166
150.4165862457719,6,suburb,1971,excellent,664871.9812580294
151.4320063460333,5,suburb,1987,fair,616196.4124371171
137.01830247139858,4,rural,1957,fair,401310.9385167052
81.32095427483148,3,city,2011,good,459358.32400918705
118.0915457543208,5,city,1996,good,636717.3180891116
119.85589843637726,4,suburb,1966,poor,483014.154938841
73.6654124322983,6,city,1966,fair,428371.67028615065
180.135932070686,1,suburb,1962,poor,618697.3721857984
155.09449162302684,1,suburb,1966,excellent,649158.4514990441
111.16143304681344,2,city,1987,good,553785.6622966749
121.07543355978123,4,suburb,1994,poor,486743.272783004
128.3353123179021,1,suburb,1955,poor,455144.3420687004
38.330605263028374,3,city,1984,good,259089.74715302495
110.11290469917613,4,rural,1963,fair,258949.4898267294
92.72063008008806,3,rural,2021,poor,255327.52261622666
79.93519960420338,3,suburb,2010,good,396263.4597774462
108.75598828456181,1,suburb,1964,fair,435830.4682222556
191.9074610739809,4,suburb,2003,excellent,795541.0522335247
145.6337144506804,6,rural,1976,good,448932.87953586935
97.15284040868812,5,suburb,1962,poor,380521.6303827655
142.90331125424635,1,suburb,1980,excellent,583961.2753275412
